time_s,north_m,east_m,heading_deg,bank_deg,bank_demand_deg,radial_error_m,l1_period_s,abs_error_rate_mps
0.0,85.0,0.0,90.0,0.0,35.0,35.0,20.0,0.0
0.05,85.0,0.9,90.0,2.5000000000000004,35.0,35.004764572346176,20.0,0.0
0.1,85.0,1.8,90.0681449877476,4.821428571428572,35.0,35.01905668730981,14.476631852621775,0.0952914469235111
0.15000000000000002,84.99892958128792,2.69999936344632,90.19979494313216,6.977040816326531,35.0,35.04180164205927,14.432538341060845,0.2858422992727583
0.2,84.99579121602036,3.599993891576046,90.3907994181403,8.978680758017495,35.0,35.07199586501254,14.397448681635476,0.4548990949891163
0.25,84.98965260071257,4.4999729565559505,90.63740689726464,10.837346418159102,35.0,35.10869994189515,14.370803007127105,0.603884459065398
0.30000000000000004,84.97964044310781,5.399917264110645,90.93619549374141,12.563250245433451,35.0,35.1510328551517,14.351960835222348,0.7340815376522869
0.35000000000000003,84.9649353730412,6.299797123266486,91.28401949070688,14.165875227902491,35.0,35.19816715598631,14.341723508735216,0.846658265130884
0.4,84.9447677302591,7.199571131662268,91.67796778905172,15.654026997338025,35.0,35.249324860831194,14.341869343050258,0.9426860166922779
0.45,84.91841404138414,8.09918520618683,92.11533138877478,17.03588221181388,35.0,35.30377391597668,14.342025394982944,1.023154096897656
0.5,84.88519404157955,8.998571903671834,92.59357777563496,18.319033482398606,35.0,35.36082511188704,14.342191603676557,1.0889811029096563
0.55,84.84446812873492,9.897649987056683,93.1103306157308,19.510531090798704,35.0,35.419829356620696,14.342365990900888,1.1410239182072246
0.6000000000000001,84.79563516236699,10.796324200214993,93.66335354547707,20.616921727170222,35.0,35.48017523862124,14.342549362823057,1.1800848946731435
0.65,84.73813053808557,11.694485220403607,94.25053712799978,21.64428446094378,35.0,35.54128682490034,14.34274276718665,1.2069176400109427
0.7000000000000001,84.67142448292645,12.592009761686523,94.8698882590395,22.598264142304938,35.0,35.60262165264757,14.34293892769669,1.2222317255819348
0.75,84.5950205281652,13.488760806122402,95.51952146621932,23.484102417854583,35.0,35.66366888153621,14.343135954092453,1.226696554944624
0.8,84.50845412515656,14.384587942276553,96.19765166886934,24.30666653086497,35.0,35.72394758113265,14.343328860937694,1.2209445777727979
0.8500000000000001,84.4112913768456,15.27932779292626,96.90258806118545,25.070476064374613,35.0,35.783005133362025,14.343524434862694,1.205573991928759
0.9,84.30312786327171,16.17280451580792,97.63272885618677,25.77972777406214,35.0,35.84041573430126,14.343723481676756,1.1811510445875228
0.9500000000000001,84.18358754394006,17.064830362997387,98.38655668665734,26.43831864734342,35.0,35.89577898294013,14.343914632794215,1.1482120187847045
1.0,84.05232172359305,17.955206286081914,99.16263450561469,27.049867315390316,35.0,35.94871854717874,14.344098175598317,1.1072649727773864
1.05,83.90900807085482,18.843722575712455,99.95960186551957,27.617733935719578,35.0,35.9988808993768,14.344273941830956,1.0587912847722691
1.1,83.75334968158172,19.73015952544374,100.77617148444986,28.14503865459675,35.0,36.04593411535936,14.344440721073772,1.003247043961153
1.1500000000000001,83.5850741806385,20.614288110991286,101.61112603036082,28.63467875069698,35.0,36.08956673201345,14.344603616163006,0.9410643196511614
1.2000000000000002,83.403932857322,21.49587067716824,102.46331507255755,29.089344554218624,35.0,36.12948665955358,14.344755004778339,0.8726523330818736
1.25,83.20969983084113,22.374661625815346,103.33165216356896,29.51153422891729,35.0,36.16542014525558,14.344893676018533,0.7983985508025171
1.3,83.00217124319079,23.25040809900713,104.21511202550535,29.903567498280346,35.0,36.19711078600224,14.353925393387657,0.7186697140400611
1.35,82.78116447747693,24.122850652708347,105.1127278233224,30.26759839126032,35.0,36.22431858739135,14.366060893808655,0.6338128149332078
1.4000000000000001,82.54651740029786,24.991723916867922,106.02358851370865,30.60562707759887,35.0,36.24681906745677,14.38091828365209,0.5441560277822077
1.4500000000000002,82.29808762719654,25.856757238675137,106.94683626297154,30.919510857770383,35.0,36.26440240327118,14.398373347921948,0.4500096013083521
1.5,82.03575181049742,26.717675306366136,107.88166393066068,31.21097436792964,35.0,36.27687261885387,14.418338767399446,0.3516667162881504
1.55,81.75940494905045,27.57419875156096,108.8273126180081,31.48161905593466,35.0,36.28404681291555,14.440593179723537,0.24940431165390464
1.6,81.46895971954515,28.426044728635226,109.78306928181536,31.73293198051076,35.0,36.2857544250454,14.465074756622148,0.14348388123352152
1.6500000000000001,81.16434582914219,29.272927470089776,110.74826441535717,31.966293981902847,35.0,36.281836538994284,14.49175906405653,0.03415224259697425
1.7000000000000002,80.84550938921402,30.114558817280415,111.72226979835415,32.182987268909784,35.0,36.272145221739635,14.48068651579512,0.07835772102225746
1.75,80.51241230999781,30.950648726212243,112.70449631820898,32.384202463987656,35.0,36.256542897037505,14.453322247956471,0.19382634509298668
1.8,80.1650317159541,31.78090574839383,113.69439186460365,32.57104514513139,35.0,36.23490175218048,14.426804920598483,0.31204649404259044
1.85,79.80335938159803,32.605037486989936,114.69143929928954,32.74454192047916,35.0,36.2071031766902,14.401770382599912,0.4328228971405679
1.9000000000000001,79.42740118753412,33.42275102871234,115.69515450253247,32.905646069016356,35.0,36.17303723168163,14.378852840800711,0.5559715098056017
1.9500000000000002,79.03717659638276,34.23375335205104,116.70508449724208,33.05524277837233,35.0,36.13260214864556,14.3590071137481,0.6813189001712772
2.0,78.63271814824246,35.03775171257669,117.72080565135838,33.19415400848859,35.0,36.085703856407605,14.344904505011794,0.8087016607214537
2.0500000000000003,78.21407097528623,35.83445400614422,118.7419219586095,33.323143007882265,35.0,36.032255535035105,14.344741594506136,0.9379658447591055
2.1,77.7812923350484,36.623569110900114,119.76806339731375,33.44291850731925,35.0,35.972177195480725,14.344556195232522,1.0689664274499933
2.15,77.33445116191788,37.404807209046474,120.79888436648893,33.5541386139393,35.0,35.90539528377131,14.344351908551696,1.2015667910876004
2.2,76.8736276363186,38.17788008934577,121.83406219815939,33.657414427229355,35.0,35.83184230857351,14.344130084164044,1.3356382341882522
2.25,76.39891277102711,38.942501431365,122.87329574442106,33.753313396712976,35.0,35.751456490994215,14.348306045606012,1.4710595039559848
2.3000000000000003,75.91040801405146,39.69838707245904,123.91630403754039,33.8423624398049,35.0,35.664181435501675,14.356943709738326,1.6077163515859638
2.35,75.40822486747469,40.44525525848269,124.96282502112103,33.925050836961695,35.0,35.56996582088513,14.36708016505336,1.7455011098508066
2.4000000000000004,74.89248452165101,41.182826879201436,126.01261435017648,34.00183292003586,35.0,35.468763110203085,14.37852453733601,1.8843122923308897
2.45,74.36331750413142,41.91082568934429,127.06544425778766,34.073130568604725,35.0,35.360531278705494,14.38668161505585,2.024054213640909
2.5,73.8208633426895,42.62897851620941,128.12110248590713,34.139335527990106,35.0,35.24523255875066,14.374356866868744,2.164636629951815
2.5500000000000003,73.26527024181622,43.337015454696385,129.17939127778524,34.200811561705095,35.0,35.12283320077496,14.363141106100155,2.3059743990967263
2.6,72.69669477205373,44.03467005059923,130.2401264294399,34.25789645015473,35.0,34.99330324941069,14.353239932666536,2.4479871595139002
2.6500000000000004,72.11530157154411,44.72167947295178,131.30313639756375,34.31090384657225,35.0,34.85661633388517,14.344933750238795,2.5905990272855206
2.7,71.52126305917663,45.39778467617405,132.3682614612599,34.36012500038852,35.0,34.71274947187234,14.340855368270288,2.7337383105103186
2.75,70.91475915872833,46.062730552724155,133.43535293501293,34.40583035750363,35.0,34.56168288600523,14.340447115001364,2.8773372402565656
2.8000000000000003,70.2959770334058,46.71626607691648,134.50427243033636,34.448271046253375,35.0,34.403399832295705,14.340026988670473,3.021331717342264
2.85,69.66511083021136,47.35814444052367,135.57489116358676,34.48768025723527,35.0,34.237886439743576,14.339601192657778,3.1656610741904956
2.9000000000000004,69.02236143357324,47.98812318073744,136.64708930749325,34.52427452457561,35.0,34.06513156045405,14.33916418229638,3.3102678510425676
2.95,68.3679362276979,48.60596430102244,137.72075538402234,34.55825491567735,35.0,33.885126629616735,14.339997000898242,3.455097585790554
3.0,67.70204886712132,49.211434385357215,138.795785696274,34.58980813598611,35.0,33.697865534733936,14.344447859553553,3.6000986167462656
3.0500000000000003,67.0249190549562,49.804304706318916,139.87208379718768,34.61910755484425,35.0,33.503344493518895,14.349811930817166,3.745221897655995
3.1,66.33677232835227,50.384351327431645,140.94955999292347,34.646314158069664,35.0,33.30156193991627,14.355982381054908,3.8904208243008043
3.1500000000000004,65.63783985070786,50.95135520016432,142.0281308788736,34.67157743249326,35.0,33.092518417728115,14.36287231912094,4.035651072052531
3.2,64.92835821019169,51.5051022559312,143.10771890634825,34.69503618731517,35.0,32.876216481357886,14.370404077195571,4.1808704437630695
3.25,64.20856922415476,52.04538349341768,144.18825197807203,34.71681931679266,35.0,32.65266060321342,14.37849947751445,4.32603872740458
3.3000000000000003,63.47871974903322,52.57199506152534,145.26966307071822,34.73704650845033,34.48120917254486,32.42185708733663,14.387108441749824,4.471117562889333
3.35,62.73906149536358,53.08473833820323,146.3518898827964,34.7187724130285,33.917923637360566,32.18381398885377,14.381878006261449,4.61607031753573
3.4000000000000004,61.989850847551914,53.58342000540749,147.43337972223242,34.66156892905222,33.34986495529444,31.938541038864216,14.373590159092583,4.760861969657242
3.45,61.23136132661946,54.06787190873294,148.5125647165025,34.56787578806953,32.76913911747431,31.686072146053036,14.365851484218275,4.905458999791108
3.5,60.463882073646644,54.53795232340292,149.58798148742366,34.43939459731273,32.17687352219047,31.426465470666344,14.358754464134613,5.0493778562236
3.5500000000000003,59.687715320706694,54.99354553190218,150.65824468317402,34.27778594908971,31.574287647762194,31.15980169009238,14.352376580066453,5.192133507733843
3.6,58.90317416544783,55.43456160383731,151.7220479672989,34.084678927566316,30.96262276890296,30.886182670309736,14.34680726778224,5.33327561147928
3.6500000000000004,58.110580415630125,55.86093602585382,152.7781647574106,33.86167491623322,30.34323847124317,30.60573013084087,14.342107393335626,5.472380395652863
3.7,57.310262516525455,56.272629188746635,153.82544852006544,33.61035802730535,29.71752661630266,30.31858430978002,14.338341883489916,5.609050789377363
3.75,56.502553573978425,56.66962574305102,154.86283292297827,33.332298640805156,29.086874595317845,30.024902638102432,14.335593251751703,5.742916421216933
3.8000000000000003,55.68778948204488,57.05193383150286,155.88933161013588,33.02905406612749,28.452795602580572,29.72485842766187,14.333904870348206,5.873633433551788
3.85,54.86630716425425,57.41958421101761,156.90403753339294,32.702178461588424,27.816532932635422,29.418639580443838,14.33344689261052,6.000884208811215
3.9000000000000004,54.03844293614064,57.77262927869291,157.9061222482342,32.353203780948924,27.180665349257268,29.10644732723,14.333818031555555,6.124376944360677
3.95,53.20453099236261,58.11114201113344,158.89483410397165,31.983736750113806,26.548087940580373,28.78849499740042,14.33445069958196,6.243845064276741
4.0,52.364902026627306,58.43521484229684,159.8694998094199,31.59547612086142,25.920340962029456,28.465006836956718,14.33534694434493,6.359046596591611
4.05,51.519881965427444,58.74495843976057,160.8295262509184,31.190109323801998,25.298944907783333,28.13621682562301,14.336504063444318,6.469763208874042
4.1000000000000005,50.66979081762632,59.04050038336616,161.77439808272612,30.76931186551495,24.68538857743039,27.802367489815296,14.337916405902579,6.5758002266741755
4.15,49.81494166333315,59.321983816989274,162.70367512867386,30.334745916366053,24.081112614645043,27.463708773234075,14.339579769337528,6.676986716154261
4.2,48.95563977845781,59.58956608592666,163.61698961846693,29.888057823385978,23.487514055337346,27.12049696693572,14.341486270943037,6.773174331624432
4.25,48.092181890215386,59.84341737158805,164.5140432696337,29.430876125668217,22.905903961960178,26.772993700074295,14.343642557842628,6.864236125967125
4.3,47.22485555795428,60.08371933447328,165.39460428025168,28.96480668540336,22.33757140452912,26.421464992064912,14.346035940379153,6.950065337228466
4.3500000000000005,46.353938672714406,60.31066377481956,166.25850417065485,28.491432736769482,21.783739175055302,26.06618036573876,14.348653325146131,7.030574160187655
4.4,45.47969906866992,60.524451320575025,167.10563468861545,28.012311768075616,21.24552628537668,25.707412021765947,14.35149973324057,7.1056925265230575
4.45,44.602394238388115,60.72529014840522,167.9359446934695,27.528969947882832,20.724006728068257,25.345434071379515,14.354566264014663,7.175366879456249
4.5,43.722271144087856,60.91339474398793,168.74943696119155,27.042901146467507,20.220211497156814,24.980521825565035,14.357825711325427,7.239559007728644
4.55,42.83956611718401,61.0889847080482,169.54616509472552,26.55556617151674,19.73499412008529,24.612951139656232,14.361309221353194,7.298244916289605
4.6000000000000005,41.95450483779827,61.25228361108208,170.32623056011676,26.068382453557355,19.26926995376205,24.24299780960675,14.364967400160422,7.3514137181760475
4.65,41.06730238613191,61.40351789871951,171.08977953485643,25.58273156071483,18.82375639531983,23.87093701593585,14.368822536713918,7.39906660098967
4.7,40.178163358707536,61.54291585390842,171.83700018653107,25.099947620329473,18.399181099050473,23.497042815886417,14.372843464205074,7.441215873417946
4.75,39.28728204104931,61.670706611976236,172.5681197351358,24.621321440238116,17.99611690400149,23.12158767555178,14.3770494597375,7.477884000988695
4.800000000000001,38.39484263054994,61.787119234090596,173.2834018324797,24.148092544792643,17.61516249835316,22.74484204307838,14.38139179809902,7.509102806692738
4.8500000000000005,37.50101950226372,61.89238183590454,173.98314385154538,23.681454684332678,17.256727946106675,22.367073956534753,14.385900036938477,7.534912649468026
4.9,36.605977511769794,61.98672077406191,174.6676745279423,23.22254563160225,16.92550706281338,21.988548685980007,14.387254526065021,7.555361730872505
4.95,35.70987232879273,62.07035988597517,175.3373514299041,22.772757162403046,16.6247370846793,21.60952840309139,14.382704908508687,7.570505411094928
5.0,34.812850796715146,62.14351978611988,175.99256851973212,22.333612871137067,16.346544938319024,21.230271879322657,14.378258851129642,7.58040565777236
5.050000000000001,33.91505130194491,62.206417061023515,176.63375965726655,21.905965161650062,16.091019357181118,20.851034067143672,14.373971780356033,7.585130475374626
5.1000000000000005,33.0166041628695,62.259263425962075,177.26137667966475,21.490611889902283,15.858298582244263,20.472065620293478,14.369813323705431,7.5847562435797045
5.15,32.11763205884864,62.30226524211343,177.87588761883313,21.088303796498142,15.648363773655992,20.093612714470908,14.365844831555673,7.579368937003892
5.2,31.218250463131028,62.335623079040246,178.47777524834186,20.699736652009417,15.461255917415345,19.715916881519647,14.362027421164871,7.5690581164514015
5.25,30.318568076856558,62.35953131668911,179.06753546546554,20.32555945668127,15.296873797283771,19.339214851829084,14.35840882721262,7.553916659025219
5.300000000000001,29.418687262050863,62.374177788777686,179.6456760032425,19.96636762386716,15.155137815208288,18.963738406849743,14.354968168596667,7.534040593811255
5.3500000000000005,28.518704471501113,62.37974346162856,-179.7872850076645,19.622708351820098,15.035858193742257,18.589714236694476,14.35175051945583,7.509528899586826
5.4,27.61871067394653,62.376402150018095,-179.2308202560215,19.29507619767168,14.938125686636242,18.217363804767118,14.349619203540103,7.480483403105325
5.45,26.7187917731155,62.364320265766594,-178.68439455828982,18.983865446883435,14.861512829664852,17.84690321618379,14.348955694298223,7.4470086385471745
5.5,25.81902901943834,62.34365659970042,-178.1474675785705,18.689411688510678,14.807033779782401,17.478543091326216,14.348230642034434,7.409211771666548
5.550000000000001,24.919499412653263,62.31456215835697,-177.61949522892058,18.41209898074437,14.774332679583415,17.112488465001505,14.34743340601321,7.367202497151482
5.6000000000000005,24.02027609402151,62.27718003390019,-177.0999278023277,18.152258530661445,14.762993880730534,16.748938692745057,14.346577657520092,7.321092526494226
5.65,23.121428729932816,62.231645255205144,-176.5882111927882,17.910168198523525,14.77256200092947,16.388087317553143,14.345679813678318,7.2709954451289605
5.7,22.223023886062926,62.17808466791266,-176.0837881122067,17.686053470123948,14.802555511123263,16.030121941509677,14.344739628546087,7.217027503838267
5.75,21.325125391538784,62.116616842741465,-175.58609926494384,17.48008933019533,14.852449385177595,15.675224102798495,14.34376913536504,7.1593075208693335
5.800000000000001,20.427794692715246,62.04735201076405,-175.09458445805956,17.29240076269406,14.921688977054982,15.323569158117735,14.342773589528363,7.097956774223633
5.8500000000000005,19.531091196321793,61.970392024045246,-174.60868369300192,17.123064206576988,15.009682580097818,14.975326170269355,14.341768235931722,7.033098893615204
5.9,18.6350726018012,61.8858303407996,-174.12783821380475,16.972108376114186,15.092023632183155,14.630657801422956,14.394221342776142,6.9648597569675985
5.95,17.739795222776415,61.79375203387276,-173.65149153410283,16.83781660869054,14.9895510026533,14.289720212253172,15.047086484197917,6.8933673769279835
6.0,16.84531429762804,61.69423382174197,-173.1791409513279,16.70579763683074,15.031968343531169,13.952662967523423,15.555948799425918,6.818751783395669
6.050000000000001,15.951684194989896,61.58734490903844,-172.710713311872,16.586238401595057,15.158157078097062,13.619629687711587,15.960516730526685,6.7411448945949815
6.1000000000000005,15.058957829284681,61.47315368356661,-172.2458336947163,16.484232592773772,15.336572726071418,13.290764213331897,16.29815629949156,6.660665596236726
6.15,14.167187349201411,61.35172300024459,-171.78397770097226,16.40225688800932,15.551595368382069,12.966206114757412,16.58749233562342,6.577309487593794
6.2,13.27642467273376,61.2231078603419,-171.32454929589667,16.341495350893087,15.794039155136247,12.646088370861847,16.83424543122049,6.491161971489703
6.25,12.386721927157073,61.087354317061056,-170.86691893379728,16.302391336910453,16.0574442852369,12.330536156516992,17.047079357569416,6.402354877911307
6.300000000000001,11.498131833853448,60.94449898435466,-170.41044513817354,16.28489511893377,16.337376305592276,12.019666172293128,17.23274825563983,6.311044286897101
6.3500000000000005,10.610708053179772,60.79456888899405,-169.95448867283775,16.288643775123663,16.63070370924885,11.713586282021055,17.397724694618212,6.217399684477272
6.4,9.724505494459013,60.63758154900519,-169.49842137455542,16.313076627561177,16.935068977736908,11.412395354879443,17.54632719256047,6.121597805441468
6.45,8.839580596879934,60.47354519436191,-169.04163158952056,16.35750465257373,17.248586018004797,11.116183237365767,17.68171530195326,6.023818542832231
6.5,7.955991585943302,60.302459076421194,-168.5835275921101,16.42115332153309,17.56968559256019,10.825030807875912,17.80636795062053,5.924242350273516
6.550000000000001,7.073798708681144,60.12431383425089,-168.12353977896504,16.50319134089217,17.897012805840358,10.539010086145545,17.922199909088377,5.823048589797111
6.6000000000000005,6.193064449948453,59.93909189846958,-167.66112205773226,16.6027500169599,18.229373155107435,10.25818438099838,18.03076473646645,5.720414434607335
6.65,5.313853731610395,59.74676791983073,-167.195752707512,16.718937383970438,18.56569264938645,9.982608465679988,18.1333229132528,5.616514102943313
6.7,4.4362340960459585,59.54730921415022,-166.72693486434872,16.850848474357296,18.90499096137202,9.712328773885048,18.230892957073607,5.511518306367833
6.75,3.5602758751598715,59.340676217603004,-166.25419674369576,16.99757293771549,19.246369904377335,9.447383611641314,18.324344258505644,5.405593835898799
6.800000000000001,2.6860523458733607,59.12682294818251,-165.77709167585996,17.15820129247705,19.588998552228187,9.187803381697599,18.414401548886367,5.29890324487468
6.8500000000000005,1.813639872878276,58.905697470313946,-165.2951979922878,17.33182966817356,19.932099025614598,8.93361081804376,18.50162564710533,5.1916045988743065
6.9,0.9431180393384667,58.677242360214635,-164.8081188048398,17.51756319370506,20.2749610798576,8.684821228623441,18.586590811089177,5.08385127307676
6.95,0.07456976607624988,58.44139517025211,-164.31548171581372,17.7145201855731,20.61691340264762,8.441442744815767,18.669710691550858,4.975791788406383
7.0,-0.7919185803777421,58.19808889113168,-163.8169384321879,17.92183398679271,20.953632165621144,8.203476576730466,18.723901071915368,4.867569676153494
7.050000000000001,-1.6562570903995564,57.94725241034536,-163.31216435178618,18.13839099956617,21.285374393258785,7.970917272868597,18.7556788532295,4.759323361706009
7.1000000000000005,-2.5183522243727796,57.68881096633977,-162.80086607665905,18.36317552768707,21.614700426826182,7.74375298364393,18.787862785791496,4.651186077237384
7.15,-3.3781067730857943,57.42268671722429,-162.2827786239604,18.59542730619701,21.941163709612972,7.5219658495331245,18.820589159514476,4.543285784493349
7.2,-4.235419822668744,57.148799267685646,-161.75765785864417,18.834408477869577,22.271257029166986,7.305532357814137,18.906302602801855,4.435742682216102
7.25,-5.090186698890618,56.8670660830696,-161.2252799368963,19.079897660105107,22.601204788763074,7.094423593953273,19.020568107811815,4.3286698343797525
7.300000000000001,-5.942298920582931,56.5774028965191,-160.6854256945403,19.331419597866393,22.92566779804722,6.888605493337664,19.126414537230872,4.222175277217275
7.3500000000000005,-6.791644083990853,56.27972388584557,-160.13788838465433,19.58815161216502,23.244403517207104,6.688038862097038,19.224860696508344,4.11636201231218
7.4,-7.638105789925797,55.97394196946446,-159.58248441342155,19.84931246252517,23.557205488477898,6.4926795227405805,19.316789574049665,4.011332624812525
7.45,-8.481563636964589,55.659969263216475,-159.01905229094285,20.114161964378937,23.863902374493957,6.302478632029008,19.4029980344985,3.907186787129149
7.5,-9.321893224096078,55.33771752157429,-158.4474515979216,20.382000565101436,24.164351691206516,6.117382991181962,19.484193725826458,3.8040178142314574
7.550000000000001,-10.158966162632703,55.007098563301085,-157.86756196693074,20.65216850268037,24.458438396261947,5.937335348103922,19.56102159052157,3.7019128169409043
7.6000000000000005,-10.992650097195593,54.66802468160015,-157.27928208881755,20.924044923650484,24.746063128802646,5.762274691294806,19.633996652073936,3.6009528615608133
7.65,-11.822808735637217,54.32040903894184,-156.68252874348806,21.197046224018496,25.027153781392933,5.592136535281803,19.70362529187222,3.501213136182315
7.7,-12.64930188775828,53.96416604673429,-156.0772358775614,21.470625335259527,25.301653076854173,5.426853197409244,19.770322837515312,3.4027631202600617
7.75,-13.471985512811445,53.59921173032006,-155.4633536979978,21.744270173944862,25.569534126788596,5.266354066186423,19.834573317471964,3.3056667574511778
7.800000000000001,-14.290711775596492,53.22546407932271,-154.84084780644184,22.0175033134337,25.830771610056363,5.110565860934912,19.896689569843794,3.2099826244564156
7.8500000000000005,-15.105329111095198,52.84284338371806,-154.2096983346249,22.289879620335316,26.085361071016827,4.959412882877999,19.95700079794125,3.115764105030223
7.9,-15.915682297326333,52.45127255543147,-153.56989914392776,22.56098543824114,26.33175488596094,4.812817257221745,20.0,3.0230595611382682
7.95,-16.72161253650097,52.050677436160264,-152.92145703966725,22.830326113078268,26.591077894996364,4.67069916677552,20.24552985662519,2.93191251312507
8.0,-17.522957544231833,51.64098709140605,-152.26439457983471,23.098951240358133,26.847449141258046,4.532977076918492,20.54198155167997,2.842361808924494
8.05,-18.319551672692057,51.22213414047614,-151.5987006152217,23.366701090422414,27.09320427222904,4.39956800741497,20.80928027255045,2.754441797140572
8.1,-19.111225680250914,50.794054398190084,-150.92436885018276,23.632879889122886,27.32909280897124,4.270387037571197,21.053037508084856,2.66818139007043
8.15,-19.89780677174037,50.356687062291236,-150.24141532560387,23.896895097683483,27.555726470844323,4.1453474106044155,21.27755112656908,2.583619396875463
8.200000000000001,-20.679118782331077,49.9099751393401,-149.5498754258932,24.158240195766403,27.77362365219774,4.024360912678127,21.48627301719233,2.5007925393356345
8.25,-21.454982359416373,49.45386582157471,-148.84980138938593,24.416481871225784,27.98305414628245,3.9073382086444965,21.67970699465025,2.419729958525778
8.3,-22.22521514404277,48.98831082215287,-148.14126018770543,24.67123703372983,28.184341360457886,3.7941891416428746,21.858972419494982,2.3404540806726004
8.35,-22.98963195278737,48.51326667419531,-147.42433211753578,24.922173057067546,28.377955670624697,3.6848230017219237,22.027324421768167,2.2629813400324394
8.4,-23.7480449642253,48.028695003457486,-146.6991093520445,25.16901467232163,28.56429749474325,3.5791487741080914,22.18744471120563,2.187322798419018
8.450000000000001,-24.50026390839094,47.534562774152086,-145.965694229244,25.411534873923177,28.743708993903383,3.4770753660912987,22.341505554001493,2.1134845522766454
8.5,-25.246096255566513,47.03084250465067,-145.22419780458284,25.64954731106462,28.916496394401026,3.378511808054242,22.49142069923991,2.041468160335853
8.55,-25.9853474050863,46.517512456890294,-144.47473862462252,25.88290081701722,29.082931342496394,3.283367432435888,22.638811070080326,1.9712711607411393
8.6,-26.71782087470519,45.99455680264754,-143.71744165555378,26.111474425980017,29.24326234458019,3.1915520338032906,22.78513881459869,1.902887512367073
8.65,-27.443318490677047,45.46196576890856,-142.95243735425163,26.335173563022888,29.397720814670592,3.102976012217532,22.931780839938614,1.8363079726519516
8.700000000000001,-28.16164057871431,44.919735764355345,-142.17986084598598,26.55392693814058,29.546520685373483,3.0175505019252356,23.07999813114252,1.7715204317151745
8.75,-28.872586155788376,44.367869488488786,-141.39985118787862,26.7676836343715,29.687006118730054,2.935187486878675,23.172567081095593,1.7085102058459256
8.8,-29.575953122622337,43.80637602462051,-140.61255071404537,26.97620666896854,29.82234590056431,2.855799904286762,23.265910676294613,1.6472603009312081
8.85,-30.27153845676393,43.235270917895726,-139.81811144552427,27.179502328368237,29.95313968675947,2.7793017373589137,23.370347438555346,1.5877516518382606
8.9,-30.959138476976488,42.65457632329053,-139.01668683449552,27.37761928253904,30.07952541395305,2.705608207818102,23.48737849489282,1.5299633385569678
8.950000000000001,-31.63854903405646,42.06432104383232,-138.20843029267016,27.57061257764004,30.201646776932996,2.6346358385710644,23.618886848108804,1.473870590816233
9.0,-32.309565690555964,41.46454054506612,-137.39349494011597,27.758543591875252,30.319648208841986,2.566302492431248,23.76708583569062,1.419447384940753
9.05,-32.97198390066703,40.855276960963764,-136.57203335045878,27.941479635944305,30.43365952671189,2.5005274059499527,23.9341545068589,1.3666669227963268
9.1,-33.62559918972685,40.23657909131554,-135.74419730515504,28.119492485284844,30.54381245495461,2.437231218284687,24.1226723445213,1.3155017296259075
9.15,-34.27020733293707,39.60850239081864,-134.9101375947918,28.292658197404116,30.650238128109372,2.3763359952371985,24.33561498869144,1.2659237533053158
9.200000000000001,-34.905604533323704,38.97110895051601,-134.07000382353408,28.461056763883064,30.75307558613084,2.3177652491940606,24.57669395198018,1.217904460949768
9.25,-35.53158759852474,38.3244674717339,-133.22394422290188,28.62477239404362,30.85246644440479,2.261443955019331,24.850326444980134,1.171414920862759
9.3,-36.14795411607006,37.66865323275379,-132.3721054530027,28.783893397640842,30.94855992019466,2.2072985620493384,25.161948841944188,1.1264258834945906
9.35,-36.7545026265799,37.00374804823626,-131.51463240547793,28.938512434966114,31.041517116217992,2.1552570019994945,25.518393073279334,1.0829078593998531
9.4,-37.35103279446788,36.32984022160154,-130.6516679953991,29.088727055055532,31.13150899055027,2.105248692818968,25.92811153235693,1.0408312009968768
9.450000000000001,-37.93734557559292,35.647024490463615,-129.78335293190682,29.234640050448014,31.2187266664719,2.057204538331412,26.401983715312973,1.0001661836105313
9.5,-38.5132433811787,34.955401965149775,-128.90982547405758,29.37636052302115,31.29154713974015,2.0110569233418047,26.406024288398267,0.9608830897511211
9.55,-39.07853023738786,34.255080060453686,-128.03122114640146,29.513159567072506,31.361429576320614,1.9667397039926797,26.407888122020502,0.9229522997921435
9.600000000000001,-39.633011939621404,33.54617242056807,-127.14770282238287,29.64517885344737,31.428530407051827,1.9241881927551603,26.409678167297574,0.8863443869825005
9.65,-40.17649658131423,32.82879912566226,-126.25942958609174,29.77256110727626,31.492955118331164,1.8833396147688006,26.411444024593436,0.8510302247503887
9.700000000000001,-40.70879470787943,32.103086576194364,-125.3665566127456,29.89544639378018,31.554803434011614,1.8441330748899958,26.413123314764878,0.8169715597271932
9.75,-41.229719465153096,31.369167372698936,-124.46923518538998,30.013971896653853,31.614173370419515,1.8065095217929468,26.414749975991686,0.7841307975760969
9.8,-41.739086743813594,30.627180192600786,-123.5676127229847,30.128272001922824,31.67115872561074,1.7704117113012146,26.41631472569548,0.7524710619409802
9.850000000000001,-42.23671531976779,29.877269664341714,-122.66183280883867,30.23847819647196,31.72585027394723,1.7357841691696123,26.417826845408136,0.7219562098346444
9.9,-42.7224269903763,29.11958623900189,-121.75203522607366,30.344719059148765,31.77833531157486,1.7025731533615414,26.419279064888347,0.6925508426320448
9.950000000000001,-43.19604670649251,28.35428605965656,-120.83835599673131,30.447120220036346,31.828698411644382,1.670726615970061,26.420694525370894,0.6642203161614191
10.0,-43.65740270026448,27.581530828674147,-119.92092742563496,30.545804376579774,31.87702050238193,1.640194164876668,26.422049715076668,0.6369307478296093
10.05,-44.106326608679986,26.801487673167387,-118.99987814687074,30.6408912427085,31.923380005430122,1.6109270252578938,26.42335348283716,0.6106490218678573
10.100000000000001,-44.54265359282219,26.014329008786838,-118.0753331752734,30.7324975829029,31.96785246303815,1.5828780010146772,26.424613540023046,0.585342792375485
10.15,-44.966222452850424,25.220232402060436,-117.14741395972895,30.82073721719828,32.01051054142048,1.5560014362360022,26.425825992419227,0.5609804848643307
10.200000000000001,-45.376875738691666,24.419380431451767,-116.21623843927055,30.905721026071294,32.051424262449125,1.5302531767566023,26.426986900687332,0.5375312955735012
10.25,-45.77445985645415,23.611960547312773,-115.28192110188418,30.98755697152685,32.09066109083225,1.5055905318829161,26.42809229193226,0.514965189587997
10.3,-46.15882517058567,22.798164930900043,-114.34457304533346,31.066350122905806,32.128286239794605,1.4819722363587573,26.429169759864944,0.4932528974737238
10.350000000000001,-46.52982610180113,21.978190352612845,-113.40430203973034,31.14220270268358,32.16436221001467,1.4593584126302304,26.43020888008085,0.4723659104831768
10.4,-46.887321220810264,21.152238029603435,-112.46121259100701,31.215214096064372,32.198949155198825,1.4377105334641271,26.43118877661111,0.45227647457053877
10.450000000000001,-47.23117333787412,20.320513482898996,-111.51540600653031,31.285480886002546,32.232105263412976,1.4169913849594167,26.43213173754001,0.43295758332206447
10.5,-47.5612495882452,19.483226394176754,-110.56698046181532,31.353096912960435,32.26388650463212,1.3971650300101643,26.43305904532824,0.4143829700942092
10.55,-47.87742151353999,18.640590462320425,-109.61603106731131,31.418153312365554,32.29434645146296,1.3781967722606367,26.43392427304189,0.3965270989850467
10.600000000000001,-48.17956513908454,17.792823259874616,-108.66264993598537,31.4807385365868,32.323537095970444,1.3600531205763602,26.434777300556842,0.3793651549905519
10.65,-48.46756104729085,16.94014608951269,-107.70692625218352,31.540938433685632,32.35150808667114,1.3427017540652741,26.435564368926695,0.36287303368553125
10.700000000000001,-48.74129444713536,16.08278384062978,-106.74894633954655,31.598836266041744,32.3783075718995,1.3261114876898787,26.4363416031757,0.34702733022172083
10.75,-49.00065523978294,15.220964846155175,-105.7887937301307,31.654512787888724,32.40398164063458,1.310252238475293,26.43708877142847,0.33180532750790803
10.8,-49.24553808043672,14.354920739684069,-104.82654923243071,31.70804627737057,32.42857468134228,1.2950949923514088,26.437784609789887,0.31718498429171404
10.850000000000001,-49.47584243646375,13.484886313011781,-103.86229099991539,31.759512591939977,32.45212949270541,1.2806117716300207,26.438458097970987,0.303144922477685
10.9,-49.69147264187423,12.611099374156185,-102.89609459911067,31.808985227708938,32.47468719441765,1.266775603142598,26.4391177253931,0.2896644144277616
10.950000000000001,-49.89233794822076,11.733800605944172,-101.9280330769914,31.856535368188133,32.483721651202465,1.253560487048361,26.439705910117656,0.2767233697484528
11.0,-50.07835257198308,10.853233425232467,-100.95817702799593,31.90133438840344,32.48347459918549,1.240941366317891,26.44033408107834,0.2643023218847418
11.05,-50.249435738510705,9.969643842829596,-99.98662858439343,31.942915832030728,32.48327951170665,1.2288940969018682,26.44088439096363,0.25238241460940003
11.100000000000001,-50.405512247396416,9.083280416590647,-99.01350782335838,31.98151323772187,32.48200132138317,1.2173959514621302,26.44251539703134,0.24094538832045487
11.15,-50.546512830118445,8.194394127084475,-98.03892630630448,32.01726238655482,32.479835193719325,1.2064259092091376,26.445030545471504,0.22996290879476078
11.200000000000001,-50.67237409439966,7.303238168705957,-97.06299073163147,32.05030330135228,32.47779052289823,1.1959645295567114,26.447403431576344,0.2194008450598517
11.25,-50.783038517824465,6.410067756417208,-96.0858027383061,32.08083810289128,32.47575453467414,1.1859938825525091,26.44975060645344,0.20922759304852434
11.3,-50.878454431723554,5.515139936213364,-95.10745651643367,32.109046419447196,32.4738111887905,1.1764974756673396,26.45198798100729,0.19941294008404498
11.350000000000001,-50.958575961214876,4.618713396829365,-94.12803962506625,32.135101045828854,32.47186224809013,1.1674601425257123,26.454216994431434,0.18992813770339012
11.4,-51.023362971596434,3.7210482904083686,-93.14763322138197,32.15915541741895,32.470033098009225,1.1588679439921634,26.456311014964363,0.18074666283254714
11.450000000000001,-51.07278101237509,2.8224060605718226,-92.16631276981293,32.18136096603254,32.46821111775283,1.1507080724086762,26.458385897486654,0.17184397067097734
11.5,-51.10680126687185,1.923049278041121,-91.18414809579347,32.201850262583996,32.466414212837776,1.1429687665597754,26.46042433800798,0.16319743166974376
11.55,-51.12540049752974,1.0232414826653893,-90.20120408336408,32.22074768760212,32.46465576823219,1.1356392271052158,26.462413536098094,0.15478611697801625
11.600000000000001,-51.128560997384774,0.12324703199323839,-89.2175409702913,32.238169693361414,32.463001459785474,1.1287095426257636,26.464287265954923,0.14659078909119216
11.65,-51.116270541723296,-0.7766690444825812,-88.2332146355629,32.254229105248854,32.461285133307044,1.1221706199893902,26.46621566087042,0.13859368958904383
11.700000000000001,-51.0885223401049,-1.6762411857291548,-87.24827672511891,32.269018821538715,32.45960274782017,1.1160141189444914,26.46810146840272,0.13077845272746913
11.75,-51.04531498648988,-2.575203434432395,-86.2627754002046,32.28263195913025,32.4579885426565,1.1102323884237535,26.46991030142757,0.12313002089797465
11.8,-50.98665241749979,-3.473289567829122,-85.27675532025728,32.29515742938213,32.45636459293769,1.1048184143621427,26.471722142050012,0.11563461041475875
11.850000000000001,-50.912543867015394,-4.370233224222934,-84.29025779537123,32.30667222677895,32.454815096477795,1.099765767025474,26.473451522863755,0.10827948123221631
11.9,-50.82300381999364,-5.265768025321888,-83.30332123388388,32.31725386032887,32.45325253109148,1.095068550532254,26.475188135313875,0.10105294673337539
11.950000000000001,-50.71805197031449,-6.159627695096135,-82.3159811171,32.32696805109763,32.45172215888946,1.0907213592225276,26.476886145838048,0.09394432986439938
12.0,-50.59771317543134,-7.051546174804942,-81.32827044394968,32.33587905879705,32.45022655381184,1.0867192334624676,26.47854323773121,0.08694382619452767
12.05,-50.46201741532526,-7.9412577351936084,-80.34021978262601,32.34404673701239,32.44866010617313,1.0830576222817996,26.480267487669977,0.08004251520119965
12.100000000000001,-50.31099974976307,-8.828497085475226,-79.35185743511192,32.351519120523875,32.447222027230396,1.0797323466842812,26.48185580840986,0.07323222361335979
12.15,-50.14470027575895,-9.712999479449348,-78.3632098852045,32.358355042431484,32.44572481794126,1.0767395654174763,26.48349981750389,0.06650551195036769
12.200000000000001,-49.963164089719704,-10.594500819867118,-77.3743013837936,32.36459574068218,32.4441778483575,1.074075747666953,26.485190167641868,0.05985562533609823
12.25,-49.76644124105588,-11.472737758747275,-76.38515461823589,32.370280176944696,32.44279873025285,1.0717376391331825,26.4867048528987,0.05327635501046757
12.3,-49.55458669409249,-12.347447796949043,-75.39579079747641,32.37546007360957,32.441342658131724,1.0697222385310283,26.488293985648955,0.04676217067540733
12.350000000000001,-49.32766028929233,-13.218369381711112,-74.40622916314108,32.38016597250401,32.43977522131228,1.0680267753433483,26.48999287378286,0.04030801204308432
12.4,-49.0857266951851,-14.085241999828883,-73.41648779693341,32.384423775990314,32.43836796943196,1.0666486798198918,26.491524329551986,0.033909263753599816
12.450000000000001,-48.82885537084747,-14.947806271482325,-72.42658379677779,32.388276932664716,32.4369555671276,1.0655855655930608,26.493057311144565,0.02756191046913159
12.5,-48.557120529237764,-15.805804042956906,-71.4365326056233,32.39175397798349,32.435410052990086,1.0648352150016862,26.494722640215286,0.02126228453661838
12.55,-48.27060108876736,-16.658978474261858,-70.44634858018458,32.39487226905539,32.433585062936515,1.0643955538184002,26.496669976626702,0.015007011827492533
12.600000000000001,-47.969380631896506,-17.50707412709974,-69.4560454173246,32.39763746861833,32.43225684530168,1.0642646348650828,26.498106379226222,0.008793223665719552
12.65,-47.65354736846528,-18.34983705326011,-68.46563660037322,32.40011028123857,32.430477855042426,1.0644406282861567,26.5,0.0026183790663480977
12.700000000000001,-47.32319410388594,-19.18701488417883,-67.47513329551185,32.40227939365313,32.43054881103962,1.064921818796165,26.5,0.0035198684214776677
12.75,-46.97841817498176,-20.018356906963835,-66.4845471030775,32.40429863775216,32.432310384652084,1.0657065698502137,26.49826923990823,0.009623810200167782
12.8,-46.61932142476831,-20.843614154121433,-65.49388374635842,32.40629947681644,32.43422373981647,1.0667933310067212,26.496380273440256,0.015695021080972538
12.850000000000001,-46.24601008498755,-21.66253945205226,-64.50314392528749,32.40829406703074,32.43600700479553,1.068180546133533,26.494621109160835,0.021735223130150416
12.9,-45.85859467231341,-22.474887467389603,-63.51232787529749,32.41027356258537,32.43761536849357,1.0698665750299199,26.49303750964926,0.0277443025362345
12.950000000000001,-45.45718995010016,-23.280414778524925,-62.52143616994241,32.41222654872166,32.439143563485935,1.0718496866879548,26.49153270833992,0.033720577927738304
13.0,-45.04191490028591,-24.078879951842946,-61.53046981914691,32.414149192633396,32.44054700606919,1.0741280651942446,26.490152254983556,0.039662233160697724
13.05,-44.6128926951496,-24.87004361853902,-60.5394299794706,32.41603475073595,32.44197682610277,1.0766998172059417,26.488741830086276,0.045567570125797374
13.100000000000001,-44.170250663525984,-25.653668549127705,-59.54831806539615,32.4178877561193,32.443447085875306,1.0795629749043698,26.48728712533927,0.0514350402339403
13.15,-43.7141202571282,-26.42951972838787,-58.55713531829807,32.41971342253044,32.44488967938131,1.0827155007240137,26.48585773485379,0.057263153968563074
13.200000000000001,-43.24463700961853,-27.19736442642763,-57.56588278039091,32.42151172659122,32.44631303125409,1.0861552853371421,26.484445099452252,0.0630505163928774
13.25,-42.76194049416423,-27.95697226865168,-56.57456149490956,32.42328324835285,32.44772275313747,1.0898801452557834,26.483043536789125,0.06879569226256876
13.3,-42.26617428248976,-28.708115306535905,-55.58317248303756,32.42502892726604,32.4491227650803,1.0938878236052787,26.481649095361806,0.07449719837282487
13.350000000000001,-41.757485902374356,-29.45056808748266,-54.59171673016091,32.42674991568134,32.450533807207734,1.098175990561984,26.480240658605826,0.08015356698990672
13.4,-41.23602679374851,-30.184107723788117,-53.60019517772075,32.42844876507609,32.451888068328095,1.1027422436016678,26.478887497292337,0.08576333913410394
13.450000000000001,-40.70195226348747,-30.908513960734247,-52.60860866970838,32.43012300102266,32.45321826047845,1.107584107646062,26.477556273415736,0.09132506079367886
13.5,-40.15542143835925,-31.623569243341585,-51.61695814482562,32.43177266241236,32.454544105046594,1.1126990343951775,26.47622691788444,0.09683728088788257
13.55,-39.596597219221735,-32.32905878408996,-50.62524454039174,32.433399194029086,32.45586692275419,1.1180844047038079,26.47489814574468,0.10229853498231023
13.600000000000001,-39.02564623279175,-33.02477062896155,-49.63346873858043,32.43500403179517,32.457187829955814,1.123737529473864,26.47356888274396,0.10770740617260799
13.65,-38.44273878160226,-33.710495722091274,-48.64163156674936,32.43658858880664,32.45848551215515,1.129655649726807,26.472260942276748,0.1130624954011239
13.700000000000001,-37.848048792857945,-34.38602796949867,-47.649733798304034,32.43815265476011,32.459699490742935,1.135835936705881,26.471036088739893,0.11836240505886053
13.75,-37.241753766213186,-35.05116430188913,-46.657776214774316,32.43969171447317,32.460919656860966,1.1422754920162035,26.469802674032724,0.12360573958147825
13.8,-36.62403472118923,-35.70570473716773,-45.665759770456,32.44120799607229,32.46214582695913,1.1489713487639577,26.468560958720055,0.1287911062064495
13.850000000000001,-35.99507614533151,-36.34945244384716,-44.67368533452439,32.44270355542135,32.46337790672943,1.1559204753049102,26.467311113583484,0.13391713495508384
13.9,-35.355065938267124,-36.98221380080048,-43.681553697610205,32.444180294800496,32.464548746573115,1.1631197749642084,26.466121702608184,0.13898253081904954
13.950000000000001,-34.70419535484143,-37.603798456041496,-42.68936557766234,32.445635184212826,32.465689776476786,1.1705660858817026,26.46496073494164,0.1439859931859644
14.0,-34.0426589473396,-38.21401938451706,-41.697121808598716,32.44706765508882,32.46684063371038,1.178256180971296,26.46378786440043,0.14892621834988518
14.05,-33.37065450871716,-38.81269294704653,-40.70482324616674,32.44848001070464,32.46800196011352,1.1861867708650493,26.462603572157487,0.1538019017918657
14.100000000000001,-32.688383013731865,-39.39963894722928,-39.71247065808877,32.44987443566242,32.46909478239025,1.194354505398934,26.46148920765079,0.15861179787506785
14.15,-31.996048557949244,-39.974680686006714,-38.72006472858972,32.45124731757155,32.47017392172967,1.20275597339311,26.46038886136032,0.16335469067769282
14.200000000000001,-31.29385829590179,-40.5376450151482,-37.727606280150454,32.45259921786856,32.471266513582734,1.2113877025232611,26.459274864548878,0.1680293598835192
14.25,-30.58202238050668,-41.088362392351435,-36.73509611384857,32.45393259613386,32.47233555549722,1.2202461626944086,26.458184943661777,0.172634582603024
14.3,-29.860753899892824,-41.62666693336236,-35.74253493673672,32.45524709323124,32.47334673140567,1.2293277669251452,26.457154077748875,0.17716920342294884
14.350000000000001,-29.130268812659374,-42.15239646204563,-34.74992346967032,32.456539924529416,32.474372779967474,1.2386288711092703,26.456108108016046,0.18163208461473346
14.4,-28.390785883298683,-42.6653925606508,-33.75726254010684,32.45781369991785,32.47538211527842,1.24814577548878,26.45507923345911,0.18602208368250217
14.450000000000001,-27.642526617530695,-43.16550062016629,-32.76455287571879,32.45906858672932,32.47632714187311,1.2578747276013118,26.45411596416632,0.19033808759019166
14.5,-26.88571519489818,-43.65256988687581,-31.77179519783804,32.46030134066817,32.47730654524137,1.2678119220018544,26.4531177071737,0.1945790422506377
14.55,-26.120578401403893,-44.12645350891954,-30.778990351992594,32.461515998137685,32.47826191622986,1.2779535014681045,26.4521439968453,0.19874388801085274
14.600000000000001,-25.34734556238192,-44.587008583430745,-29.786139029331615,32.462712135144265,32.479178675179796,1.2882955602711519,26.4512096877151,0.202831589325001
14.65,-24.56624847224786,-45.03409619876369,-28.793241937284282,32.46388831657537,32.480113232280715,1.2988341430847967,26.45025728805574,0.20684117606094787
14.700000000000001,-23.777521324940242,-45.46758147775248,-27.800299838251966,32.46504723912575,32.48095794805789,1.3095652465897274,26.449396486963373,0.21077165627289673
14.75,-22.981400643867868,-45.88733362029479,-26.8073133915018,32.46618371833519,32.481828738794356,1.320484821698706,26.448509156119645,0.21462207009861345
14.8,-22.178125209933818,-46.293225942515924,-25.81428345474974,32.46730121979655,32.4826850819721,1.331588773311232,26.447636588573737,0.21839150217957126
14.850000000000001,-21.36793599103213,-46.685135918882274,-24.821210753152762,32.468400067094805,32.48350886434091,1.3428729648172109,26.44679723739849,0.2220790322505195
14.9,-20.551076068425928,-47.06294521844991,-23.828095999538384,32.4694792668981,32.48431428646344,1.354333217412595,26.445976630114096,0.2256838301195785
14.950000000000001,-19.727790563379607,-47.426539741484326,-22.8349399448017,32.470538911152765,32.485087293977344,1.3659653113144756,26.445189082649826,0.2292050519076838
15.0,-18.89832656346567,-47.775809655514685,-21.841743336372932,32.47157808135452,32.485880897383,1.37776498777815,26.444380586614272,0.2326418780376116
15.05,-18.062933047955998,-48.11064942950277,-20.848506956888397,32.47259971107084,32.486599670889454,1.3897279504713467,26.44364835507938,0.23599352927348605
15.100000000000001,-17.22186081283115,-48.43095786726565,-19.855231476761467,32.473599708200744,32.48733866432153,1.401849867464783,26.442895555109924,0.23925925386393487
15.15,-16.375362394378957,-48.73663813741394,-18.861917723072665,32.474581062209374,32.488037487787444,1.4141263709155254,26.442183703652496,0.24243833986872687
15.200000000000001,-15.52369199374647,-49.027597805901685,-17.868566408536026,32.47554223546495,32.488718771817766,1.426553060981675,26.441489744864924,0.24553006901484764
15.25,-14.667105399452284,-49.30374886325162,-16.87517830476628,32.47648341663301,32.4893843990308,1.4391255054868495,26.44081175920668,0.24853380132299208
15.3,-13.80585991032816,-49.56500775298238,-15.881754176206082,32.47740491537571,32.49002663912893,1.4518392423129,26.440157618331174,0.2514488901034895
15.350000000000001,-12.940214257615981,-49.81129539769991,-14.888294775493033,32.478306467072365,32.49065127563383,1.4646897807606365,26.439521429334825,0.25427473652101185
15.4,-12.070428526595109,-50.0425372237446,-13.894800865440098,32.47918823911247,32.49124762889158,1.4776726028431213,26.43891406700121,0.2570107689547285
15.450000000000001,-11.196764077872352,-50.258663184790386,-12.901273202498672,32.48004962409669,32.49183622423444,1.490783164929013,26.438314625265328,0.25965644164969603
15.5,-10.31948346818926,-50.459607783807286,-11.907712566415578,32.480891524106525,32.49239129366229,1.5040168991302707,26.43774934496348,0.2622112417178357
15.55,-9.438850370947291,-50.645310094083754,-10.914119702450447,32.481712936217654,32.492917355461564,1.5173692151592064,26.43721362177739,0.2646746840251524
15.600000000000001,-8.555129496168199,-50.815713777963175,-9.920495394297731,32.48251325187793,32.493466001718204,1.530835501281011,26.43665491581377,0.26704632057871436
15.65,-7.668586510360796,-50.970767105291856,-8.926840448991198,32.483295591152235,32.49393426364746,1.5444111264139835,26.43617808135275,0.26932572243609343
15.700000000000001,-6.779487955987454,-51.11042297022861,-7.933155554164247,32.48405549633046,32.49442218619749,1.5580914419943568,26.435681239359823,0.2715125026594478
15.75,-5.8881011703027015,-51.234638904418254,-6.939441568140629,32.484795974178105,32.49489377775458,1.5718717816005636,26.4352010395236,0.27360631160746607
15.8,-4.994694204641743,-51.34337709324112,-5.945699234177781,32.485517245862134,32.4953026561567,1.585747465134581,26.43478470763258,0.27560679212413675
15.850000000000001,-4.0995357427771655,-51.43660438619895,-4.951929287102556,32.48621620374032,32.49572625018785,1.5997137985148981,26.434353401698225,0.2775136706803494
15.9,-3.202895019364904,-51.51429230751712,-3.9581325807527468,32.486895492772284,32.496124491948756,1.6137660750442606,26.433947918725686,0.27932666760634106
15.950000000000001,-2.3050417383545776,-51.576417067307325,-2.9643098677425757,32.48755470699918,32.49649628651587,1.6278995787780133,26.433569371822188,0.28104553058724946
16.0,-1.4062459908993794,-51.622959567846635,-1.97046191626289,32.48819339125037,32.49684312702566,1.6421095844316653,26.433216239131838,0.28267007467505323
16.05,-0.5067781733323773,-51.65390541023708,-0.9765895119651734,32.48881122952004,32.49716676544675,1.6563913591211445,26.432886735502418,0.28420011307304094
16.1,0.3930910949863745,-51.669244899650835,0.01730654736664946,32.4894080535148,32.49748543103943,1.6707401641301374,26.432562300532215,0.2856354937895844
16.150000000000002,1.293091053929289,-51.66897304904464,1.011225457472281,32.48998500905227,32.49779227499024,1.6851512565906432,26.432249906586303,0.28697610017985653
16.2,2.1929508849327304,-51.653089581335806,2.00516645793051,32.490542670904986,32.49804724100153,1.6996198910710447,26.431990332910154,0.2882218492101174
16.25,3.0923997933409275,-51.62159892933711,2.999128810298038,32.491078711626166,32.498281162695925,1.71414132036994,26.43175218704702,0.28937268960802953
16.3,3.991167090713604,-51.57451023458545,3.9931116869885823,32.49159317241687,32.498506100811205,1.7287107966490396,26.431523189867818,0.29042858597790655
16.35,4.8889822772049545,-51.51183734646386,4.987114261963825,32.49208695301646,32.49872513808393,1.7433235743064017,26.431300202725758,0.29138952558199094
16.400000000000002,5.7855751238938415,-51.433598818446534,5.981135743607979,32.49256110909271,32.498921519230706,1.7579749114194385,26.431100282539866,0.2922555531472426
16.45,6.680675754985977,-51.33981790237902,6.975175380700949,32.493015424102566,32.49909558531388,1.7726600706656228,26.430923081362003,0.2930267422607358
16.5,7.574014729860131,-51.23052254122038,7.969232413707296,32.49344972133195,32.49923707534709,1.7873743201432006,26.43077904420481,0.29370318492368597
16.55,8.465323125042257,-51.10574536110373,8.963306076302038,32.4938631037616,32.499350818185846,1.802112934950351,26.43066325456075,0.29428498955155646
16.6,9.35433261603801,-50.96552366192891,9.95739556778992,32.494255083363335,32.499445801196636,1.8168711987332244,26.430566562881165,0.2947722961430088
16.650000000000002,10.240775559074537,-50.80989940694037,10.95150006876617,32.49462584892286,32.49952661525299,1.8316444056595387,26.43048429544045,0.2951652756574674
16.7,11.124385072641186,-50.63891921061778,11.945618767033606,32.49497590366072,32.4995925682479,1.846427862137972,26.43041715659696,0.2954641385262846
16.75,12.004895118744663,-50.452634324728315,12.939750869644397,32.49530566541695,32.49963774218195,1.861216888121831,26.43037117056616,0.2956691295686653
16.8,12.882040583860283,-50.25110062276484,13.933895599632397,32.49561509947159,32.499662267640595,1.8760068182147194,26.430346204258356,0.2957805196771801
16.85,13.755557359592661,-50.03437858301321,14.928052178684803,32.495904182912234,32.49966624747336,1.8907930028182776,26.430342152890603,0.2957986018577685
16.900000000000002,14.625182423082897,-49.8025332704671,15.92221982759539,32.49617290180945,32.49964975745027,1.9055708095425459,26.430358939317216,0.29572369207116367
16.95,15.49065391708794,-49.55563431732092,16.91639776660947,32.49642124864094,32.49961284780198,1.9203356245992182,26.430396512461044,0.29555613448536633
17.0,16.35171122970678,-49.29375590204845,17.910585215670388,32.49664922000959,32.499555543450015,1.9350828541791714,26.43045484707855,0.2952963011334475
17.05,17.208095073728348,-49.01697672707526,18.90478139457841,32.49685681454105,32.49947932198824,1.9498079258153922,26.43053243919732,0.2949445915990623
17.1,18.059547565576263,-48.72537999505315,19.898985523069356,32.497044136501565,32.49939303810041,1.964506289732391,26.43062027508138,0.29450143272441665
17.150000000000002,18.905812303825822,-48.419053383745215,20.89319682486097,32.497211915187194,32.49928875170256,1.9791734201830167,26.430726437842548,0.29396727833997716
17.2,19.746634447246237,-48.09808901947108,21.887414551589135,32.49736026065258,32.49916639580443,1.9938048167100035,26.430850995991207,0.2933426090125124
17.25,20.58176079222097,-47.762583448833055,22.881637959095844,32.49748927030628,32.49900566387965,2.0083960050196694,26.431014622155228,0.29262793053973724
17.3,21.41093984977673,-47.41263760943653,23.87586630694585,32.49759758413295,32.498823727464234,2.0229425382158936,26.431199836369984,0.2918237661933176
17.35,22.233921922085674,-47.04835679926658,24.870098802616496,32.49768516579947,32.49862069416939,2.0374399980292637,26.431406529729372,0.29093066392448463
17.400000000000002,23.050459178783065,-46.669850645518586,25.86433465218796,32.49775198925446,32.49839776463524,2.0518839969098153,26.431633480644532,0.28994919626740057
17.45,23.86030573242949,-46.27723307134875,26.858573060738227,32.49779811606737,32.49818120261243,2.066270179310351,26.4318539518408,0.2888799776110318
17.5,24.66321771337498,-45.87062226129301,27.852813235699458,32.49782547939202,32.49794549445888,2.0805942229499053,26.43209391774919,0.2877236480107115
17.55,25.458953343979207,-45.45014062532434,28.847054458530966,32.497834051896795,32.497684942287414,2.094851840010712,26.43235918005638,0.28648087279108836
17.6,26.247273011641855,-45.01591476062228,29.84129600964409,32.49782340121042,32.49737096442318,2.109038777195593,26.43267883889189,0.28515234121613275
17.650000000000002,27.02793934166495,-44.568075413123346,30.83553715289222,32.49779108429704,32.49706948175401,2.1231508169505204,26.432985781625945,0.28373874369762575
17.7,27.80071726955327,-44.10675743800354,31.829777058574024,32.49773954125825,32.49675179919314,2.137183778916544,26.43330922313026,0.28224079509854505
17.75,28.56537411326131,-43.63209975991283,32.82401499043271,32.4976689882536,32.49641332129286,2.1511335225761385,26.433653843147216,0.280659239320471
17.8,29.32167964322236,-43.14424532942118,33.818250220491784,32.49757929775641,32.49605193459311,2.1649959469474354,26.43402179472913,0.2789948731918912
17.85,30.069406152257844,-42.64334107940367,34.81248201589462,32.4974702003876,32.49566763451702,2.17876699160108,26.434413083922202,0.2772484874259362
17.900000000000002,30.80832852481792,-42.12953788037685,35.80670963347324,32.497341445682565,32.495261098020784,2.19244263786873,26.43482702291037,0.27542089307289075
17.95,31.538224305478565,-41.60299049468988,36.800932320473706,32.497192849421005,32.49487539779419,2.20601891012123,26.435219754753398,0.2735129253530033
18.0,32.25887376662283,-41.063857529501796,37.795149317093994,32.497027317161944,32.494425172790656,2.2194918770197134,26.4356781982113,0.27152544505000265
18.05,32.97005997526629,-40.51230138853757,38.789359974805194,32.49684144970685,32.493961505127935,2.232857652710898,26.436150341535622,0.26945933796966415
18.1,33.671568857862866,-39.94848822122228,39.78356351491703,32.496635739379784,32.4935216530821,2.2461123961480567,26.43659824499239,0.26731551382368934
18.150000000000002,34.36318926653631,-39.37258787367387,40.777759177601816,32.496413304644236,32.49300915394629,2.259252314188032,26.437120138950633,0.26509486874317645
18.2,35.04471304301753,-38.78477383667681,41.77194632245919,32.49617015102296,32.4925174297616,2.272273662330903,26.437620890904128,0.2627983607995077
18.25,35.71593508058574,-38.1852231913742,42.766124156136584,32.49590924236143,32.49200500807627,2.2851727438637894,26.438142734712034,0.26042696285742295
18.3,36.37665338785064,-37.57411655710731,43.760291998789036,32.495630368483916,32.491464814812666,2.2979459132661404,26.438692876615868,0.2579816306577243
18.35,37.02666914883224,-36.95163803500754,44.754449162535195,32.49533282893597,32.49089857253685,2.3105895754129406,26.439269564757932,0.2554633880470192
18.400000000000002,37.665786783290834,-36.31797515198215,45.74859493268432,32.49501609633604,32.49035912311855,2.323100186670125,26.43981898242433,0.25287324293600477
18.45,38.29381400627761,-35.673318803849654,46.74272857436514,32.49468345539193,32.48973534494099,2.335474256267865,26.440454307377728,0.25021222514368446
18.5,38.91056188661773,-35.01786319734684,47.73684947850012,32.49433001893115,32.489166675033196,2.347708347552391,26.441033522879856,0.2474813919548069
18.55,39.515844902679206,-34.35180578956015,48.73095684888683,32.49396120865272,32.4885203766995,2.359799076927871,26.44169182829476,0.24468182569052033
18.6,40.10948100066759,-33.67534722973175,49.72505009694624,32.493572577798915,32.48790186224858,2.371743117695793,26.442321855491805,0.2418145875095945
18.650000000000002,40.69129164728899,-32.98869129589153,50.71912846384254,32.49316752668818,32.48725392352378,2.3835371976765245,26.442981877563142,0.23888081535844208
18.7,41.26110188573544,-32.29204483450555,51.71319132096032,32.492745126462154,32.48657402944266,2.3951781027487087,26.443674476130113,0.23588159961462907
18.75,41.81874038701057,-31.58561769608601,52.70723800413482,32.492304333817906,32.48592250525147,2.4066626756511837,26.44433819890989,0.23281810144368364
18.8,42.364039502095125,-30.869622671600503,53.7012678092719,32.491848488920304,32.485187272664135,2.4179878173711273,26.445087225842965,0.2296914580495013
18.85,42.89683531306284,-30.144275427988685,54.695280160191786,32.49137268775915,32.484518745990854,2.4291504885829482,26.44576832154136,0.22650283439887176
18.900000000000002,43.41696768092554,-29.409794441235764,55.68927429296148,32.49088312048998,32.48376539421508,2.440147708433038,26.446535867062295,0.22325342423641814
18.95,43.92428029630661,-28.66640093152828,56.683249680685805,32.49037471147035,32.48303637527122,2.4509765582647134,26.447278651485142,0.2199443970017967
19.0,44.4186207235032,-27.91431879370084,57.67720560214876,32.48985054459898,32.48226901308823,2.4616341786527656,26.44806053522543,0.21657699663350627
19.05,44.89984044889964,-27.153774530761872,58.671141454234885,32.48930900663393,32.48153258979701,2.472117773195471,26.448810925521578,0.2131524077610436
19.1,45.36779492412427,-26.384997183854953,59.665056572082804,32.488753548288436,32.48070190682953,2.4824246073809917,26.449657399589693,0.20967189085411064
19.150000000000002,45.82234361033633,-25.608218263013967,60.658950422972616,32.48817843104137,32.47994176512285,2.492552010260397,26.45043202520762,0.20613668371041172
19.200000000000003,46.26335001866555,-24.823671675606587,61.65282225449623,32.487590097761476,32.47911628460981,2.5024973730571602,26.45127327118344,0.20254805758810335
19.25,46.69068175417893,-24.031593656833742,62.64667156094605,32.4869848253935,32.478299380121975,2.5122581532844492,26.45210581483425,0.1989072559352678
19.3,47.10421055222383,-23.232222695897867,63.640497694095316,32.48636443644553,32.47743920857844,2.5218318715182164,26.45298249417573,0.1952156045457798
19.35,47.50381231881925,-22.425799464502703,64.63430007551818,32.485726920169306,32.476608877768214,2.531216114265746,26.453828799330186,0.19147436467534362
19.400000000000002,47.889367166838966,-21.612566743094806,65.6280780498323,32.485075631426376,32.47576372344732,2.5404085334806084,26.45469025275496,0.1876848549505894
19.450000000000003,48.260759452957835,-20.7927693475077,66.62183109012024,32.48441049514216,32.47486345962563,2.549406848364285,26.45560792240793,0.18384838429724937
19.5,48.617877810374154,-19.966654053619326,67.61555866661338,32.483728564033825,32.473996793371406,2.558208843922607,26.456491387719574,0.17996629767353056
19.55,48.96061518205294,-19.13446952236756,68.60926013673665,32.483033437557935,32.47307900182473,2.5668123715665843,26.457427015097753,0.17603991116644124
19.6,49.288868854256144,-18.29646622482923,69.60293499573895,32.482322406434136,32.47219510381191,2.5752153514217966,26.458328134798457,0.1720705528795463
19.650000000000002,49.602540485105166,-17.452896365244076,70.59658263517719,32.48159902767541,32.47127280477812,2.5834157706823646,26.45926845029605,0.16805959710424645
19.700000000000003,49.90153613531114,-16.60401380495796,71.59020258280282,32.4808614403256,32.47031790162771,2.591411685740077,26.460242056933776,0.16400838521136052
19.75,50.18576629402652,-15.750073984551026,72.58379429515222,32.4801083304186,32.46939909263439,2.5992012205269077,26.461178683760835,0.15991830115424932
19.8,50.45514590638609,-14.891333846648408,73.57735717849025,32.479343384862595,32.468419595386855,2.6067825680971097,26.462175953065866,0.15579069573661286
19.85,50.70959439939675,-14.028051758102256,74.57089078024273,32.478563114185754,32.46747521609069,2.614153991861599,26.46313600885851,0.15162695140404026
19.900000000000002,50.94903570357291,-13.160487430888177,75.5643945142874,32.477771121464684,32.46652224764172,2.6213138237968465,26.46410338568067,0.14742847528978587
19.950000000000003,51.17339827731748,-12.288901843867194,76.5578679324498,32.476967630477326,32.46550125925558,2.6282604669502874,26.465138665379175,0.14319663870494992
20.0,51.38261512581485,-11.413557163010088,77.55131059514463,32.47614860396149,32.46550125925558,2.6349923936625643,26.46613367698441,0.13893286306881691
