time_s,north_m,east_m,heading_deg,bank_deg,bank_demand_deg,radial_error_m,l1_period_s,delta_error_mps
0.0,85.0,0.0,90.0,0.0,35.0,35.0,20.0,0.0
0.05,85.0,0.9,90.0,2.5000000000000004,35.0,35.004764572346176,20.0,0.0
0.1,85.0,1.8,90.0681449877476,4.821428571428572,35.0,35.01905668730981,20.0,0.0
0.15000000000000002,84.99892958128792,2.69999936344632,90.19979494313216,6.977040816326531,35.0,35.04180164205927,20.0,0.0
0.2,84.99579121602036,3.599993891576046,90.3907994181403,8.978680758017495,35.0,35.07199586501254,20.0,0.0
0.25,84.98965260071257,4.4999729565559505,90.63740689726464,10.837346418159102,35.0,35.10869994189515,20.0,0.0
0.30000000000000004,84.97964044310781,5.399917264110645,90.93619549374141,12.563250245433451,35.0,35.1510328551517,20.0,0.0
0.35000000000000003,84.9649353730412,6.299797123266486,91.28401949070688,14.165875227902491,35.0,35.19816715598631,20.0,0.0
0.4,84.9447677302591,7.199571131662268,91.67796778905172,15.654026997338025,35.0,35.249324860831194,20.0,0.0
0.45,84.91841404138414,8.09918520618683,92.11533138877478,17.03588221181388,35.0,35.30377391597668,20.0,0.0
0.5,84.88519404157955,8.998571903671834,92.59357777563496,18.319033482398606,35.0,35.36082511188704,20.0,0.0
0.55,84.84446812873492,9.897649987056683,93.1103306157308,19.510531090798704,35.0,35.419829356620696,20.0,0.0
0.6000000000000001,84.79563516236699,10.796324200214993,93.66335354547707,20.616921727170222,35.0,35.48017523862124,20.0,0.0
0.65,84.73813053808557,11.694485220403607,94.25053712799978,21.64428446094378,35.0,35.54128682490034,20.0,0.0
0.7000000000000001,84.67142448292645,12.592009761686523,94.8698882590395,22.598264142304938,35.0,35.60262165264757,20.0,0.0
0.75,84.5950205281652,13.488760806122402,95.51952146621932,23.484102417854583,35.0,35.66366888153621,20.0,0.0
0.8,84.50845412515656,14.384587942276553,96.19765166886934,24.30666653086497,35.0,35.72394758113265,20.0,0.0
0.8500000000000001,84.4112913768456,15.27932779292626,96.90258806118545,25.070476064374613,35.0,35.783005133362025,20.0,0.0
0.9,84.30312786327171,16.17280451580792,97.63272885618677,25.77972777406214,35.0,35.84041573430126,20.0,0.0
0.9500000000000001,84.18358754394006,17.064830362997387,98.38655668665734,26.43831864734342,35.0,35.89577898294013,20.0,0.0
1.0,84.05232172359305,17.955206286081914,99.16263450561469,27.049867315390316,35.0,35.94871854717874,20.0,0.0
1.05,83.90900807085482,18.843722575712455,99.95960186551957,27.617733935719578,35.0,35.9988808993768,20.0,0.0
1.1,83.75334968158172,19.73015952544374,100.77617148444986,28.14503865459675,35.0,36.04593411535936,20.0,0.0
1.1500000000000001,83.5850741806385,20.614288110991286,101.61112603036082,28.63467875069698,35.0,36.08956673201345,20.0,0.0
1.2000000000000002,83.403932857322,21.49587067716824,102.46331507255755,29.089344554218624,35.0,36.12948665955358,20.0,0.0
1.25,83.20969983084113,22.374661625815346,103.33165216356896,29.51153422891729,35.0,36.16542014525558,20.0,0.0
1.3,83.00217124319079,23.25040809900713,104.21511202550535,29.903567498280346,35.0,36.19711078600224,20.0,0.0
1.35,82.78116447747693,24.122850652708347,105.1127278233224,30.26759839126032,35.0,36.22431858739135,20.0,0.0
1.4000000000000001,82.54651740029786,24.991723916867922,106.02358851370865,30.60562707759887,35.0,36.24681906745677,20.0,0.0
1.4500000000000002,82.29808762719654,25.856757238675137,106.94683626297154,30.919510857770383,35.0,36.26440240327118,20.0,0.0
1.5,82.03575181049742,26.717675306366136,107.88166393066068,31.21097436792964,35.0,36.27687261885387,20.0,0.0
1.55,81.75940494905045,27.57419875156096,108.8273126180081,31.48161905593466,35.0,36.28404681291555,20.0,0.0
1.6,81.46895971954515,28.426044728635226,109.78306928181536,31.73293198051076,35.0,36.2857544250454,20.0,0.0
1.6500000000000001,81.16434582914219,29.272927470089776,110.74826441535717,31.966293981902847,35.0,36.281836538994284,20.0,0.0
1.7000000000000002,80.84550938921402,30.114558817280415,111.72226979835415,32.182987268909784,35.0,36.272145221739635,20.0,0.0
1.75,80.51241230999781,30.950648726212243,112.70449631820898,32.384202463987656,35.0,36.256542897037505,20.0,0.0
1.8,80.1650317159541,31.78090574839383,113.69439186460365,32.57104514513139,35.0,36.23490175218048,20.0,0.0
1.85,79.80335938159803,32.605037486989936,114.69143929928954,32.74454192047916,35.0,36.2071031766902,20.0,0.0
1.9000000000000001,79.42740118753412,33.42275102871234,115.69515450253247,32.905646069016356,35.0,36.17303723168163,20.0,0.0
1.9500000000000002,79.03717659638276,34.23375335205104,116.70508449724208,33.05524277837233,35.0,36.13260214864556,20.0,0.0
2.0,78.63271814824246,35.03775171257669,117.72080565135838,33.19415400848859,35.0,36.085703856407605,20.0,0.0
